{
	 "skeleton": {
		 "ATTOVERCOG": [0.500000,0.0,24.0],
		 "head": [0.500000,-19.000000,1.500000],
		 "jaw": [0.500000,-19.000000,1.000000],
		 "segmentEight": [0.500000,9.000000,1.500000],
		 "segmentFive": [0.500000,-3.000000,1.500000],
		 "segmentFour": [0.500000,-7.000000,1.500000],
		 "segmentNine": [0.500000,13.000000,1.500000],
		 "segmentOne": [0.500000,-19.000000,1.500000],
		 "segmentSeven": [0.500000,5.000000,1.500000],
		 "segmentSix": [0.500000,1.000000,1.500000],
		 "segmentTen": [0.500000,17.000000,1.500000],
		 "segmentThree": [0.500000,-11.000000,1.500000],
		 "segmentTwo": [0.500000,-15.000000,1.500000],
		 "tail": [0.500000,21.000000,1.500000],
		 "tongue": [0.500000,-22.000000,0.500000],
		 "root": [0.500000,0.0,0.0]
	},
   "animation_root" : "file(animations)",
   "effects_root": "file(effects)"
}
