{
   "type" : "rig",
   "skeleton": {
      "ATTOVERCOG": [0.000000,0.000000,65.000000],
      "ATTITEM01": [-5.378205,4.000002,34.0],
      "ATTITEM02": [2.621795,4.000002,34.0],
      "ATTITEM03": [-5.378205,-3.999998,34.0],
      "ATTITEM04": [2.621795,-3.999998,34.0],
      "ATTITEM05": [-5.378205,-11.999998,34.0],
      "ATTITEM06": [2.621795,-11.999998,34.0],
      "ATTITEM07": [-5.378205,4.000001,19.0],
      "ATTITEM08": [2.621795,4.000001,19.0],
      "ATTITEM09": [2.621795,-1.5,19.0],
      "ATTITEM10": [-5.378205,-1.5,19.0],
      "ATTITEM11": [-5.378205,-9.0,19.0],
      "ATTITEM00": [2.621795,-9.0,19.0],
      "body": [0.000000,0.000000,0.000000],
      "door": [-10.000000,-18.000000,25.000000],
      "root": [0.000000,0.000000,0.000000]
   },
   "animation_root" : "file(animations)",
   "effects_root": "file(effects)"
}
