{
   "type" : "rig",
   "skeleton": {
      "ATTOVERCOG": [0.000000,0.000000,65.000000],
      "ATTITEM00": [-13.378206,12.000004,34.0],
      "ATTITEM01": [-5.378205,12.000004,34.0],
      "ATTITEM02": [2.621795,12.000004,34.0],
      "ATTITEM03": [10.621796,12.000004,34.0],
      "ATTITEM04": [-13.378206,4.000002,34.0],
      "ATTITEM05": [-5.378205,4.000002,34.0],
      "ATTITEM06": [2.621795,4.000002,34.0],
      "ATTITEM07": [10.621796,4.000002,34.0],
      "ATTITEM08": [-13.378206,-3.999998,34.0],
      "ATTITEM09": [-5.378205,-3.999998,34.0],
      "ATTITEM10": [2.621795,-3.999998,34.0],
      "ATTITEM11": [10.621796,-3.999998,34.0],
      "ATTITEM12": [-13.378206,-11.999998,34.0],
      "ATTITEM13": [-5.378205,-11.999998,34.0],
      "ATTITEM14": [2.621795,-11.999998,34.0],
      "ATTITEM15": [10.621796,-11.999998,34.0],
      "ATTITEM16": [-13.378206,12.000002,19.0],
      "ATTITEM17": [-5.378205,12.000002,19.0],
      "ATTITEM18": [2.621795,12.000002,19.0],
      "ATTITEM19": [10.621796,12.000002,19.0],
      "ATTITEM20": [-13.378206,4.000001,19.0],
      "ATTITEM21": [-5.378205,4.000001,19.0],
      "ATTITEM22": [2.621795,4.000001,19.0],
      "ATTITEM23": [10.621796,4.000001,19.0],
      "ATTITEM24": [10.621796,-1.5,19.0],
      "ATTITEM25": [2.621795,-1.5,19.0],
      "ATTITEM26": [-5.378205,-1.5,19.0],
      "ATTITEM27": [-13.378206,-1.5,19.0],
      "ATTITEM28": [-13.378206,-9.0,19.0],
      "ATTITEM29": [-5.378205,-9.0,19.0],
      "ATTITEM30": [2.621795,-9.0,19.0],
      "ATTITEM31": [10.621796,-9.0,19.0],
      "body": [0.000000,0.000000,0.000000],
      "door": [-10.000000,-18.000000,25.000000],
      "leftRoof": [-1.000000,0.000000,52.500000],
      "leftTallRoof": [-1.000000,0.000000,62.500000],
      "rightRoof": [1.000000,0.000000,52.500000],
      "rightTallRoof": [1.000000,0.000000,62.500000],
      "root": [0.000000,0.000000,0.000000]
   },
   "animation_root" : "file(animations)",
   "effects_root": "file(effects)"
}
