{
	 "skeleton": {
		 "ATTITEM00": [-9.000000,-10.000000,1.353657],
		 "ATTITEM01": [-3.000000,-10.000000,1.353657],
		 "ATTITEM02": [3.000000,-10.000000,1.353657],
		 "ATTITEM03": [9.000000,-10.000000,1.353657],
		 "ATTITEM04": [-9.000000,-20.000000,1.353655],
		 "ATTITEM05": [-3.000000,-20.000000,1.353655],
		 "ATTITEM06": [3.000000,-20.000000,1.353655],
		 "ATTITEM07": [9.000000,-20.000000,1.353655],
		 "ATTITEM08": [-9.000000,-29.999998,1.353654],
		 "ATTITEM09": [-3.000000,-29.999998,1.353654],
		 "ATTITEM10": [3.000000,-29.999998,1.353654],
		 "ATTITEM11": [9.000000,-29.999998,1.353654],
		 "ATTITEM12": [-9.000000,-40.000000,1.353652],
		 "ATTITEM13": [-3.000000,-40.000000,1.353652],
		 "ATTITEM14": [3.000000,-40.000000,1.353652],
		 "ATTITEM15": [9.000000,-40.000000,1.353652],
		 "ATTITEM16": [-9.000000,-50.000000,1.353650],
		 "ATTITEM17": [-3.000000,-50.000000,1.353650],
		 "ATTITEM18": [3.000000,-50.000000,1.353650],
		 "ATTITEM19": [9.000000,-50.000000,1.353650],
		 "base": [0.000000,0.000000,-0.000000],
		 "ATTOVERCOG": [0.0,0.0,16.0],
		 "center": [0.0,0.0,0.0],
       "root": [0.0,0.0,0.0]
	},
	"animation_root" : "file(animations)",
   "effects_root": "file(effects)"
}
