{
	 "skeleton": {
		 "base": [0.000000,0.000000,0.000000],
		 "ATTITEM00": [0.000000,-0.000001,3.353658],
		 "ATTITEM09": [0.000000,-0.000002,12.353658],
		 "ATTITEM10": [0.000000,-0.000002,13.353658],
		 "ATTITEM11": [0.000000,-0.000002,14.353658],
		 "ATTITEM12": [0.000000,-0.000003,15.353658],
		 "ATTITEM13": [0.000000,-0.000003,17.353659],
		 "ATTITEM14": [0.000000,-0.000003,18.353659],
		 "ATTITEM15": [0.000000,-0.000003,19.353659],
		 "ATTITEM16": [0.000000,-0.000003,20.353659],
		 "ATTITEM17": [0.000000,-0.000003,21.353659],
		 "ATTITEM18": [0.000000,-0.000004,22.353657],
		 "ATTITEM01": [0.000000,-0.000001,4.353658],
		 "ATTITEM19": [0.000000,-0.000004,23.353657],
		 "ATTITEM02": [0.000000,-0.000001,5.353658],
		 "ATTITEM03": [0.000000,-0.000001,6.353658],
		 "ATTITEM04": [0.000000,-0.000001,7.353658],
		 "ATTITEM05": [0.000000,-0.000001,8.353659],
		 "ATTITEM06": [0.000000,-0.000002,9.353658],
		 "ATTITEM07": [0.000000,-0.000002,10.353658],
		 "ATTITEM08": [0.000000,-0.000002,11.353658],
		 "ATTOVERCOG": [0.0,0.0,45.0],
		 "center": [0.0,0.0,0.0],
       "root": [0.0,0.0,0.0]
	},
	"animation_root" : "file(animations)",
   "effects_root": "file(effects)"
}
