{
   "type" : "rig",
   "skeleton": {
      "BackLegs": [0.000000,8.000000,0.000000],
		"Base": [0.000000,0.000000,0.000000],
		"FrontLegs": [0.000000,-8.000000,-0.000000],
		"root": [0.000000,0.000000,0.000000],
		"ATTITEM00": [0.000000,-0.000000,0.000000],
      "ATTOVERCOG": [0.000000,0.000000,45.000000]
   },
   "animation_root" : "file(animations)",
   "effects_root": "file(effects)"
}
