{
	 "skeleton": {
		 "ATTITEM00": [-37.999996,4.719262,3.782787],
		 "ATTITEM01": [-26.999998,4.719262,3.782787],
		 "ATTITEM02": [-37.999996,-6.280738,3.782786],
		 "ATTITEM03": [-26.999998,-6.280738,3.782786],
		 "ATTITEM04": [25.621796,5.000000,4.685899],
		 "ATTITEM05": [36.621796,5.000000,4.685899],
		 "ATTITEM06": [25.621796,-6.000001,4.685897],
		 "ATTITEM07": [36.621796,-6.000001,4.685897],
		 "ATTITEM08": [-4.000000,34.000000,4.000006],
		 "ATTITEM09": [5.000000,34.000000,4.000006],
		 "ATTITEM10": [-4.000000,21.000000,4.000003],
		 "ATTITEM11": [5.000000,21.000000,4.000003],
		 "ATTITEM12": [-5.000000,-21.000000,5.135356],
		 "ATTITEM13": [6.000000,-21.000000,5.135356],
		 "ATTITEM14": [-5.000000,-32.000000,5.135354],
		 "ATTITEM15": [6.000000,-32.000000,5.135354],
		 "box": [0.000000,0.000000,0.000000],
		 "ATTOVERCOG": [0.0,0.0,56.0],
		 "center": [0.0,0.0,0.0],
       "root": [0.0,0.0,0.0]
	},
	"animation_root" : "file(animations)",
   "effects_root": "file(effects)"
}
