{
	 "skeleton": {
		"ATTOVERCOG": [0.0,0.0,50.0],
		"ATTITEM00": [-11.000000,0.000000,15.000000],
		"ATTITEM01": [-5.000000,0.000000,15.000000],
		"ATTITEM02": [1.000000,0.000000,15.000000],
		"ATTITEM03": [7.000000,0.000000,15.000000],
		"ATTITEM04": [13.000000,0.000000,15.000000],
		"ATTITEM05": [19.000000,0.000000,15.000000],
		"ATTITEM06": [-8.000000,0.000000,25.000000],
		"ATTITEM07": [-2.000000,0.000000,25.000000],
		"ATTITEM08": [4.000000,0.000000,25.000000],
		"ATTITEM09": [10.000000,0.000000,25.000000],
		"ATTITEM10": [16.000000,0.000000,25.000000],
		"ATTITEM12": [-5.000000,0.000000,35.000000],
		"ATTITEM13": [1.000000,0.000000,35.000000],
		"ATTITEM14": [7.000000,0.000000,35.000000],
		"ATTITEM15": [13.000000,0.000000,35.000000],
		"backLegs": [0.000000,4.000000,0.000000],
		"Beam": [0.000000,0.000000,0.000000],
		"frontLegs": [0.000000,-4.000000,0.000000],
		"root": [0.0,0.0,0.0]
	},
	"animation_root" : "file(animations)",
	"effects_root": "file(effects)"
}
