{
	 "skeleton": {
		"ATTOVERCOG": [0.000000,0.0000000,36.000000],
		"ATTITEM00": [-13.000000,-0.499999,14.500000],
		"ATTITEM01": [-4.000000,-0.499999,14.500000],
		"ATTITEM02": [4.000000,-0.499999,14.500000],
		"ATTITEM03": [13.000000,-0.499999,14.500000],
		"ATTITEM04": [-13.000000,-0.499998,20.500000],
		"ATTITEM05": [-4.000000,-0.499998,20.500000],
		"ATTITEM06": [4.000000,-0.499998,20.500000],
		"ATTITEM07": [13.000000,-0.499998,20.500000],
		"base": [0.000000,0.000000,0.000000],
		"leftBackPole": [-18.000000,8.000000,0.000000],
		"leftFrontPole": [-18.000000,-8.000000,0.000000],
		"rightBackPole": [18.000000,8.000000,0.000000],
		"rightFrontPole": [18.000000,-8.000000,0.000000],
		"root": [0.000000,0.000000,0.000000]
	},
	"animation_root" : "file(animations)",
	"effects_root": "file(effects)"
}
